{"cameraMode":{"drawMode":0,"name":"Shaded","section":"Shading Mode"},"sceneLighting":true,"audioPlay":false,"sceneViewState":{"m_AlwaysRefresh":false,"showFog":true,"showSkybox":true,"showFlares":true,"showImageEffects":true,"showParticleSystems":true,"showVisualEffectGraphs":true,"m_FxEnabled":true},"in2DMode":false,"pivot":{"x":0.014926910400390625,"y":1.4211534261703492,"z":0.015152931213378907},"rotation":{"x":-0.09637293964624405,"y":-0.08738252520561218,"z":0.008495822548866272,"w":-0.991468071937561},"size":-4.345162391662598,"orthographic":false}