{"cameraMode":{"drawMode":0,"name":"Shaded","section":"Shading Mode"},"sceneLighting":false,"audioPlay":false,"sceneViewState":{"m_AlwaysRefresh":false,"showFog":true,"showSkybox":false,"showFlares":true,"showImageEffects":true,"showParticleSystems":true,"showVisualEffectGraphs":true,"m_FxEnabled":true},"in2DMode":false,"pivot":{"x":-6.556977272033691,"y":0.22085678577423097,"z":-6.658690452575684},"rotation":{"x":0.03547915816307068,"y":-0.9639959335327148,"z":0.1694488227367401,"w":0.20184139907360078},"size":1.5200250148773194,"orthographic":false}